{
    "start-scene": "fullscreen-triangle",
    "window":
    {
        "title":"Diamond",
        "size":{
            "width":512,
            "height":512
        },
        "fullscreen": false
    },
    "screenshots":{
        "directory": "screenshots",
        "requests": [
            { "file": "diamond01.png", "frame":  1 }
        ]
    },
    "scene": {
        "vertex-shader": "assets/shaders/fullscreen.vert",
        "fragment-shader": "assets/shaders/diamond.frag",
        "uniforms":{
            "center": { "type": "vec2", "value": [256, 256] },
            "side_length": { "type": "float", "value": 128 },
            "inside_color": { "type": "vec4", "value": [1.0, 0.0, 0.0, 1.0] },
            "outside_color": { "type": "vec4", "value": [0.0, 0.0, 0.0, 1.0] }
        }
    }
}