{
    "start-scene": "fullscreen-triangle",
    "window":
    {
        "title":"Line",
        "size":{
            "width":512,
            "height":512
        },
        "fullscreen": false
    },
    "screenshots":{
        "directory": "screenshots",
        "requests": [
            { "file": "line02.png", "frame":  1 }
        ]
    },
    "scene": {
        "vertex-shader": "assets/shaders/fullscreen.vert",
        "fragment-shader": "assets/shaders/line.frag",
        "uniforms":{
            "slope": { "type": "float", "value": -0.5 },
            "intercept": { "type": "float", "value": 384 },
            "inside_color": { "type": "vec4", "value": [1.0, 0.8, 0.1, 1.0] },
            "outside_color": { "type": "vec4", "value": [0.5, 0.2, 0.8, 1.0] }
        }
    }
}